{"chunk_definitions":[{"chunk_id":"cnbl6y06r1d5v","chunk_label":"unnamed-chunk-1","document_id":"9FAC750F","expansion_state":0,"options":{},"row":28,"row_count":1,"visible":true},{"chunk_id":"cg3phjzx9cl8h","chunk_label":"unnamed-chunk-4","document_id":"9FAC750F","expansion_state":0,"options":{},"row":133,"row_count":1,"visible":true},{"chunk_id":"chce83lxjuscc","chunk_label":"unnamed-chunk-5","document_id":"9FAC750F","expansion_state":0,"options":{},"row":141,"row_count":1,"visible":true},{"chunk_id":"cwbtrx1he9g4m","chunk_label":"unnamed-chunk-6","document_id":"9FAC750F","expansion_state":0,"options":{},"row":159,"row_count":1,"visible":true},{"chunk_id":"c72x8hwum35c4","chunk_label":"unnamed-chunk-7","document_id":"9FAC750F","expansion_state":0,"options":{},"row":171,"row_count":1,"visible":true},{"chunk_id":"cgdj35kj94kdt","chunk_label":"unnamed-chunk-8","document_id":"9FAC750F","expansion_state":0,"options":{},"row":199,"row_count":1,"visible":true},{"chunk_id":"clsqljmrz2v7f","chunk_label":"unnamed-chunk-9","document_id":"9FAC750F","expansion_state":0,"options":{},"row":213,"row_count":1,"visible":true},{"chunk_id":"cgq3k9ulah9qk","chunk_label":"unnamed-chunk-10","document_id":"9FAC750F","expansion_state":0,"options":{},"row":229,"row_count":1,"visible":true},{"chunk_id":"cnq6fjr6gyqu4","chunk_label":"unnamed-chunk-11","document_id":"9FAC750F","expansion_state":0,"options":{},"row":244,"row_count":1,"visible":true},{"chunk_id":"cyh6p9x095pmm","chunk_label":"unnamed-chunk-12","document_id":"9FAC750F","expansion_state":0,"options":{},"row":275,"row_count":1,"visible":true},{"chunk_id":"cnqzytkkiejtr","chunk_label":"unnamed-chunk-13","document_id":"9FAC750F","expansion_state":0,"options":{},"row":284,"row_count":1,"visible":true},{"chunk_id":"cmjsnv9tnil3c","chunk_label":"unnamed-chunk-14","document_id":"9FAC750F","expansion_state":0,"options":{},"row":319,"row_count":1,"visible":true},{"chunk_id":"c5fofsp9r52hj","chunk_label":"unnamed-chunk-15","document_id":"9FAC750F","expansion_state":0,"options":{},"row":345,"row_count":1,"visible":true},{"chunk_id":"cdc0tg7d39awi","chunk_label":"unnamed-chunk-16","document_id":"9FAC750F","expansion_state":0,"options":{},"row":351,"row_count":1,"visible":true},{"chunk_id":"cdpvnk9cw67kt","chunk_label":"unnamed-chunk-17","document_id":"9FAC750F","expansion_state":0,"options":{},"row":363,"row_count":1,"visible":true},{"chunk_id":"cphkqjr7564x5","chunk_label":"unnamed-chunk-18","document_id":"9FAC750F","expansion_state":0,"options":{},"row":403,"row_count":1,"visible":true},{"chunk_id":"cvwc3do2twixp","chunk_label":"unnamed-chunk-19","document_id":"9FAC750F","expansion_state":0,"options":{},"row":409,"row_count":1,"visible":true}],"doc_write_time":1553267870}