"0","# All properties that are not entire home/apt will be imputed 1 bedroom"
"0","data_bnb$bedrooms[((data_bnb$bedrooms == 0 | is.na(data_bnb$bedrooms)) &"
"0","                     data_bnb$property_type != ""Entire home/apt"")] <- 1"
"0","# Entire apartments will be if conditioned"
"0","# Less than 4 beds is one bedroom"
"0","data_bnb$bedrooms[((data_bnb$bedrooms == 0 | is.na(data_bnb$bedrooms)) &"
"0","                     data_bnb$property_type == ""Entire home/apt"" &"
"0","                     data_bnb$beds < 4)] <- 1"
"0","# Anything more is number of beds divided by 2"
"0","data_bnb$bedrooms[((data_bnb$bedrooms == 0 | is.na(data_bnb$bedrooms)) &"
"0","                     data_bnb$property_type == ""Entire home/apt"")] <-"
"0","  round(data_bnb$beds[((data_bnb$bedrooms == 0 | is.na(data_bnb$bedrooms)) &"
"0","                         data_bnb$property_type == ""Entire home/apt"")] / 2, 0)"
"0","# Listings that do not have bed count or bedroom count are dropped"
"0","data_bnb <- data_bnb[!(is.na(data_bnb$bedrooms) & is.na(data_bnb$beds)),]"
"0","# Bed column is also dropped"
"0","data_bnb$beds <- NULL"
"0","data_bnb <- as.data.frame(data_bnb)"
"0","data_bnb %>% group_by(bedrooms) %>% count() %>% "
"0","  datatable(caption = ""Bedrooms and count of listings"")"
