[{"name":"htmlwidgets","version":"1.3","src":{"file":"\/Library\/Frameworks\/R.framework\/Versions\/3.5\/Resources\/library\/htmlwidgets\/www"},"meta":null,"script":"htmlwidgets.js","stylesheet":null,"head":null,"attachment":null,"package":null,"all_files":true},{"name":"jquery","version":"1.12.4","src":{"file":"\/Library\/Frameworks\/R.framework\/Versions\/3.5\/Resources\/library\/DT\/htmlwidgets\/lib\/jquery"},"meta":null,"script":"jquery.min.js","stylesheet":null,"head":null,"attachment":null,"package":null,"all_files":true},{"name":"datatables-css","version":"0.0.0","src":{"file":"\/Library\/Frameworks\/R.framework\/Versions\/3.5\/Resources\/library\/DT\/htmlwidgets\/css"},"meta":null,"script":null,"stylesheet":"datatables-crosstalk.css","head":null,"attachment":null,"package":null,"all_files":true},{"name":"datatables-binding","version":"0.5","src":{"file":"\/Library\/Frameworks\/R.framework\/Versions\/3.5\/Resources\/library\/DT\/htmlwidgets"},"meta":null,"script":"datatables.js","stylesheet":null,"head":null,"attachment":null,"package":null,"all_files":false},{"name":"dt-core","version":"1.10.16","src":{"file":"\/Library\/Frameworks\/R.framework\/Versions\/3.5\/Resources\/library\/DT\/htmlwidgets\/lib\/datatables"},"meta":null,"script":"js\/jquery.dataTables.min.js","stylesheet":["css\/jquery.dataTables.min.css","css\/jquery.dataTables.extra.css"],"head":null,"attachment":null,"package":null,"all_files":false},{"name":"jquery","version":"1.11.3","src":{"file":"\/Library\/Frameworks\/R.framework\/Versions\/3.5\/Resources\/library\/crosstalk\/lib\/jquery"},"meta":null,"script":"jquery.min.js","stylesheet":null,"head":null,"attachment":null,"package":null,"all_files":true},{"name":"crosstalk","version":"1.0.0","src":{"file":"\/Library\/Frameworks\/R.framework\/Versions\/3.5\/Resources\/library\/crosstalk\/www"},"meta":null,"script":"js\/crosstalk.min.js","stylesheet":"css\/crosstalk.css","head":null,"attachment":null,"package":null,"all_files":true}]
