"0","# 10 line dummy AirBnB listings in Los Angeles, California"
"0","data_bnb_cali <- expand.grid(state = ""California"", stringsAsFactors = FALSE,"
"0","                             city = ""Los Angeles"","
"0","                             zipcode = ""90001"","
"0","                             property_type = ""Entire home/apt"","
"0","                             bedrooms = 0,"
"0","                             price = seq(1,10))"
"0","for (i in 1:10) {"
"0","  # Number of bedrooms randomly chosen to be 2 or 3"
"0","  data_bnb_cali$bedrooms[i] <- sample(c(2, 3), size = 1)"
"0","  # Price distributed between 100 to 2000"
"0","  data_bnb_cali$price[i] <- round(runif(1, 100, 2000))"
"0","}"
"0","data_bnb <- bind_rows(data_bnb, data_bnb_cali)"
"2","binding factor and character vector, coercing into character vector"
"2","binding character and factor vector, coercing into character vector"
"2","binding factor and character vector, coercing into character vector"
"2","binding character and factor vector, coercing into character vector"
"2","binding factor and character vector, coercing into character vector"
"2","binding character and factor vector, coercing into character vector"
"0","# 2 dummy rows of Zillow housing value for 2 and 3 bedrooms"
"0","data_zil_cali_2 <- data_zil[1, ]"
"0","data_zil_cali_2$zipcode <- ""90001"""
"0","data_zil_cali_2$state <- ""California"""
"0","data_zil_cali_2$bedrooms <- 2"
"0","data_zil_cali_3 <- data_zil[2, ]"
"0","data_zil_cali_3$zipcode <- ""90001"""
"0","data_zil_cali_3$state <- ""California"""
"0","data_zil_cali_3$bedrooms <- 3"
"0","data_zil <- data_zil %>% bind_rows(data_zil_cali_2) %>% bind_rows(data_zil_cali_3)"
"2","binding factor and character vector, coercing into character vector"
"2","binding character and factor vector, coercing into character vector"
