state,city,zipcode,property_type,bedrooms,price
New York,Staten Island,10305,Entire home/apt,2,120
New York,Staten Island,10305,Entire home/apt,2,110
New York,Staten Island,10305,Entire home/apt,2,150
New York,Brooklyn,11201,Entire home/apt,2,125
New York,Brooklyn,11217,Entire home/apt,2,250
New York,Brooklyn,11201,Entire home/apt,2,180
New York,Brooklyn,11217,Entire home/apt,2,250
New York,Brooklyn,11201,Entire home/apt,2,170
New York,Brooklyn,11217,Entire home/apt,2,136
New York,Brooklyn,11201,Entire home/apt,2,250
New York,Brooklyn,11217,Entire home/apt,2,195
New York,Brooklyn,11217,Entire home/apt,2,175
New York,Brooklyn,11217,Entire home/apt,2,190
New York,Brooklyn,11201,Entire home/apt,2,500
New York,Brooklyn,11217,Entire home/apt,2,250
New York,Brooklyn,11201,Entire home/apt,2,290
New York,Brooklyn,11217,Entire home/apt,2,180
New York,Brooklyn,11217,Entire home/apt,2,65
New York,Brooklyn,11217,Entire home/apt,2,265
New York,Brooklyn,11217,Entire home/apt,2,260
New York,Brooklyn,11217,Entire home/apt,2,250
New York,Brooklyn,11217,Entire home/apt,2,189
New York,Brooklyn,11217,Entire home/apt,2,148
New York,Brooklyn,11217,Entire home/apt,2,325
New York,Brooklyn,11201,Entire home/apt,2,175
New York,Brooklyn,11217,Entire home/apt,2,165
New York,Brooklyn,11217,Entire home/apt,2,239
New York,Brooklyn,11217,Entire home/apt,2,125
New York,Brooklyn,11217,Entire home/apt,2,135
New York,Brooklyn,11201,Entire home/apt,2,160
New York,Brooklyn,11217,Entire home/apt,2,400
New York,Brooklyn,11217,Entire home/apt,2,275
New York,Brooklyn,11201,Entire home/apt,2,300
New York,Brooklyn,11201,Entire home/apt,2,210
New York,Brooklyn,11201,Entire home/apt,2,200
New York,Brooklyn,11201,Entire home/apt,2,89
New York,Brooklyn,11201,Entire home/apt,2,160
New York,Brooklyn,11201,Entire home/apt,2,195
New York,Brooklyn,11201,Entire home/apt,2,120
New York,Brooklyn,11201,Entire home/apt,2,250
New York,Brooklyn,11201,Entire home/apt,2,250
New York,Brooklyn,11201,Entire home/apt,2,275
New York,Brooklyn,11201,Entire home/apt,2,275
New York,Brooklyn,11201,Entire home/apt,2,71
New York,Brooklyn,11201,Entire home/apt,2,300
New York,Manhattan,10013,Entire home/apt,2,100
New York,Manhattan,10013,Entire home/apt,2,300
New York,Manhattan,10013,Entire home/apt,2,105
New York,Manhattan,10013,Entire home/apt,2,183
New York,Manhattan,10013,Entire home/apt,2,275
New York,Manhattan,10013,Entire home/apt,2,224
New York,Manhattan,10013,Entire home/apt,2,290
New York,Manhattan,10013,Entire home/apt,2,500
New York,Manhattan,10013,Entire home/apt,2,325
New York,Manhattan,10013,Entire home/apt,2,124
New York,Manhattan,10013,Entire home/apt,2,179
New York,Manhattan,10013,Entire home/apt,2,65
New York,Manhattan,10013,Entire home/apt,2,150
New York,Brooklyn,11231,Entire home/apt,2,220
New York,Brooklyn,11231,Entire home/apt,2,200
New York,Brooklyn,11231,Entire home/apt,2,145
New York,Brooklyn,11231,Entire home/apt,2,165
New York,Brooklyn,11231,Entire home/apt,2,220
New York,Brooklyn,11231,Entire home/apt,2,298
New York,Brooklyn,11231,Entire home/apt,2,250
New York,Brooklyn,11231,Entire home/apt,2,115
New York,Brooklyn,11231,Entire home/apt,2,150
New York,Brooklyn,11201,Entire home/apt,2,175
New York,Brooklyn,11201,Entire home/apt,2,175
New York,Brooklyn,11231,Entire home/apt,2,250
New York,Brooklyn,11231,Entire home/apt,2,175
New York,Brooklyn,11231,Entire home/apt,2,149
New York,Brooklyn,11231,Entire home/apt,2,190
New York,Brooklyn,11231,Entire home/apt,2,161
New York,Brooklyn,11231,Entire home/apt,2,220
New York,Brooklyn,11231,Entire home/apt,2,100
New York,Brooklyn,11231,Entire home/apt,2,250
New York,Brooklyn,11231,Entire home/apt,2,250
New York,Brooklyn,11231,Entire home/apt,2,200
New York,Brooklyn,11231,Entire home/apt,2,175
New York,Brooklyn,11231,Entire home/apt,2,290
New York,Brooklyn,11231,Entire home/apt,2,300
New York,Brooklyn,11201,Entire home/apt,2,450
New York,Brooklyn,11231,Entire home/apt,2,89
New York,Brooklyn,11231,Entire home/apt,2,175
New York,Brooklyn,11231,Entire home/apt,2,150
New York,Brooklyn,11231,Entire home/apt,2,325
New York,Brooklyn,11231,Entire home/apt,2,209
New York,Brooklyn,11201,Entire home/apt,2,189
New York,Brooklyn,11231,Entire home/apt,2,160
New York,Brooklyn,11217,Entire home/apt,2,325
New York,Brooklyn,11231,Entire home/apt,2,180
New York,Brooklyn,11201,Entire home/apt,2,185
New York,Brooklyn,11231,Entire home/apt,2,149
New York,Brooklyn,11231,Entire home/apt,2,150
New York,Brooklyn,11231,Entire home/apt,2,175
New York,Brooklyn,11231,Entire home/apt,2,250
New York,Brooklyn,11231,Entire home/apt,2,200
New York,Brooklyn,11201,Entire home/apt,2,199
New York,Brooklyn,11217,Entire home/apt,2,180
New York,Brooklyn,11231,Entire home/apt,2,220
New York,Brooklyn,11231,Entire home/apt,2,356
New York,Brooklyn,11231,Entire home/apt,2,219
New York,Brooklyn,11231,Entire home/apt,2,195
New York,Brooklyn,11231,Entire home/apt,2,275
New York,Brooklyn,11231,Entire home/apt,2,175
New York,Brooklyn,11231,Entire home/apt,2,200
New York,Brooklyn,11231,Private room,2,79
New York,Brooklyn,11217,Entire home/apt,2,134
New York,Brooklyn,11231,Entire home/apt,2,300
New York,Brooklyn,11231,Entire home/apt,2,160
New York,Brooklyn,11231,Entire home/apt,2,250
New York,Brooklyn,11231,Entire home/apt,2,199
New York,Brooklyn,11231,Entire home/apt,2,150
New York,Brooklyn,11231,Entire home/apt,2,360
New York,Brooklyn,11231,Entire home/apt,2,125
New York,Brooklyn,11231,Entire home/apt,2,131
New York,Manhattan,10011,Entire home/apt,2,410
New York,Manhattan,10011,Entire home/apt,2,320
New York,Manhattan,10011,Entire home/apt,2,160
New York,Manhattan,10011,Entire home/apt,2,300
New York,Manhattan,10011,Entire home/apt,2,275
New York,Manhattan,10011,Entire home/apt,2,250
New York,Manhattan,10011,Entire home/apt,2,315
New York,Manhattan,10011,Entire home/apt,2,500
New York,Manhattan,10011,Entire home/apt,2,250
New York,Manhattan,10011,Entire home/apt,2,691
New York,Manhattan,10011,Entire home/apt,2,700
New York,Manhattan,10011,Entire home/apt,2,250
New York,Manhattan,10003,Entire home/apt,2,800
New York,Manhattan,10011,Entire home/apt,2,250
New York,Manhattan,10011,Entire home/apt,2,133
New York,Manhattan,10011,Entire home/apt,2,325
New York,Manhattan,10011,Entire home/apt,2,175
New York,Manhattan,10011,Entire home/apt,2,230
New York,Manhattan,10011,Entire home/apt,2,359
New York,Manhattan,10011,Entire home/apt,2,775
New York,Manhattan,10011,Entire home/apt,2,285
New York,Manhattan,10011,Entire home/apt,2,300
New York,Manhattan,10011,Entire home/apt,2,450
New York,Manhattan,10011,Entire home/apt,2,188
New York,Manhattan,10011,Entire home/apt,2,309
New York,Manhattan,10011,Private room,2,150
New York,Manhattan,10011,Entire home/apt,2,169
New York,Manhattan,10011,Entire home/apt,2,350
New York,Manhattan,10003,Entire home/apt,2,878
New York,Manhattan,10011,Entire home/apt,2,230
New York,Manhattan,10011,Entire home/apt,2,225
New York,Manhattan,10011,Private room,2,110
New York,Manhattan,10011,Entire home/apt,2,250
New York,Manhattan,10011,Entire home/apt,2,360
New York,Manhattan,10011,Entire home/apt,2,1650
New York,Manhattan,10011,Entire home/apt,2,320
New York,Manhattan,10011,Entire home/apt,2,220
New York,Manhattan,10011,Entire home/apt,2,250
New York,Manhattan,10011,Entire home/apt,2,250
New York,Manhattan,10003,Entire home/apt,2,499
New York,Manhattan,10011,Entire home/apt,2,800
New York,Manhattan,10011,Entire home/apt,2,500
New York,Manhattan,10011,Entire home/apt,2,199
New York,Manhattan,10011,Entire home/apt,2,545
New York,Manhattan,10011,Entire home/apt,2,285
New York,Manhattan,10011,Entire home/apt,2,599
New York,Manhattan,10011,Entire home/apt,2,300
New York,Manhattan,10011,Entire home/apt,2,450
New York,Manhattan,10011,Entire home/apt,2,350
New York,Manhattan,10011,Entire home/apt,2,250
New York,Manhattan,10011,Entire home/apt,2,250
New York,Manhattan,10011,Entire home/apt,2,500
New York,Manhattan,10011,Entire home/apt,2,180
New York,Manhattan,10014,Entire home/apt,2,450
New York,Manhattan,10011,Entire home/apt,2,275
New York,Manhattan,10011,Entire home/apt,2,400
New York,Manhattan,10011,Entire home/apt,2,1200
New York,Manhattan,10011,Entire home/apt,2,399
New York,Manhattan,10011,Entire home/apt,2,350
New York,Manhattan,10011,Entire home/apt,2,395
New York,Manhattan,10011,Entire home/apt,2,325
New York,Manhattan,10011,Entire home/apt,2,169
New York,Manhattan,10011,Entire home/apt,2,129
New York,Manhattan,10011,Entire home/apt,2,600
New York,Manhattan,10011,Entire home/apt,2,299
New York,Manhattan,10011,Entire home/apt,2,350
New York,Manhattan,10011,Entire home/apt,2,193
New York,Manhattan,10011,Entire home/apt,2,200
New York,Manhattan,10011,Entire home/apt,2,226
New York,Manhattan,10011,Entire home/apt,2,699
New York,Manhattan,10011,Entire home/apt,2,433
New York,Manhattan,10011,Entire home/apt,2,251
New York,Manhattan,10011,Entire home/apt,2,350
New York,Manhattan,10011,Entire home/apt,2,170
New York,Manhattan,10011,Entire home/apt,2,555
New York,Manhattan,10011,Entire home/apt,2,205
New York,Manhattan,10011,Entire home/apt,2,225
New York,Manhattan,10011,Entire home/apt,2,365
New York,Manhattan,10014,Entire home/apt,2,300
New York,Manhattan,10011,Entire home/apt,2,318
New York,Manhattan,10011,Entire home/apt,2,175
New York,Manhattan,10011,Entire home/apt,2,450
New York,Manhattan,10011,Entire home/apt,2,250
New York,Manhattan,10011,Entire home/apt,2,600
New York,Manhattan,10011,Entire home/apt,2,220
New York,Manhattan,10011,Entire home/apt,2,200
New York,Manhattan,10011,Entire home/apt,2,490
New York,Manhattan,10013,Entire home/apt,2,600
New York,Manhattan,10013,Entire home/apt,2,208
New York,Manhattan,10036,Entire home/apt,2,450
New York,Manhattan,10013,Entire home/apt,2,400
New York,Staten Island,10304,Entire home/apt,2,75
New York,Brooklyn,11201,Entire home/apt,2,200
New York,Brooklyn,11201,Entire home/apt,2,250
New York,Brooklyn,11231,Entire home/apt,2,120
New York,Brooklyn,11201,Entire home/apt,2,300
New York,Brooklyn,11201,Private room,2,190
New York,Brooklyn,11201,Entire home/apt,2,250
New York,Brooklyn,11201,Entire home/apt,2,170
New York,Brooklyn,11201,Private room,2,200
New York,Brooklyn,11231,Entire home/apt,2,400
New York,Brooklyn,11201,Entire home/apt,2,175
New York,Brooklyn,11201,Entire home/apt,2,140
New York,Brooklyn,11201,Entire home/apt,2,550
New York,Brooklyn,11231,Entire home/apt,2,140
New York,Brooklyn,11201,Entire home/apt,2,150
New York,Brooklyn,11231,Entire home/apt,2,500
New York,Brooklyn,11201,Entire home/apt,2,150
New York,Brooklyn,11231,Entire home/apt,2,200
New York,Brooklyn,11201,Entire home/apt,2,250
New York,Brooklyn,11231,Entire home/apt,2,175
New York,Brooklyn,11231,Entire home/apt,2,139
New York,Brooklyn,11231,Entire home/apt,2,75
New York,Brooklyn,11231,Entire home/apt,2,145
New York,Staten Island,10305,Entire home/apt,2,150
New York,Staten Island,10305,Entire home/apt,2,129
New York,Staten Island,10305,Private room,2,28
New York,Brooklyn,11201,Entire home/apt,2,189
New York,Brooklyn,11201,Entire home/apt,2,189
New York,Brooklyn,11201,Entire home/apt,2,245
New York,Brooklyn,11201,Private room,2,200
New York,Brooklyn,11201,Private room,2,150
New York,Brooklyn,11201,Entire home/apt,2,199
New York,Brooklyn,11201,Entire home/apt,2,267
New York,Staten Island,10305,Entire home/apt,2,120
New York,Staten Island,10305,Entire home/apt,2,95
New York,Brooklyn,11201,Entire home/apt,2,100
New York,Brooklyn,11201,Entire home/apt,2,150
New York,Brooklyn,11201,Entire home/apt,2,225
New York,Brooklyn,11201,Entire home/apt,2,157
New York,Brooklyn,11201,Entire home/apt,2,150
New York,Brooklyn,11201,Entire home/apt,2,70
New York,Brooklyn,11201,Entire home/apt,2,180
New York,Brooklyn,11201,Entire home/apt,2,285
New York,Brooklyn,11201,Entire home/apt,2,148
New York,Brooklyn,11201,Entire home/apt,2,120
New York,Brooklyn,11201,Entire home/apt,2,330
New York,Brooklyn,11201,Private room,2,123
New York,Manhattan,10128,Entire home/apt,2,289
New York,Manhattan,10128,Entire home/apt,2,255
New York,Manhattan,10003,Entire home/apt,2,450
New York,Manhattan,10003,Entire home/apt,2,180
New York,Manhattan,10003,Entire home/apt,2,119
New York,Manhattan,10003,Entire home/apt,2,300
New York,Manhattan,10003,Entire home/apt,2,199
New York,Manhattan,10003,Entire home/apt,2,255
New York,Manhattan,10003,Entire home/apt,2,200
New York,Manhattan,10003,Entire home/apt,2,300
New York,Manhattan,10003,Entire home/apt,2,200
New York,Manhattan,10003,Entire home/apt,2,210
New York,Manhattan,10003,Entire home/apt,2,200
New York,Manhattan,10003,Entire home/apt,2,207
New York,Manhattan,10003,Entire home/apt,2,160
New York,Manhattan,10003,Entire home/apt,2,249
New York,Manhattan,10003,Entire home/apt,2,280
New York,Manhattan,10003,Entire home/apt,2,275
New York,Manhattan,10003,Entire home/apt,2,496
New York,Manhattan,10003,Entire home/apt,2,85
New York,Manhattan,10003,Entire home/apt,2,190
New York,Manhattan,10003,Entire home/apt,2,150
New York,Manhattan,10003,Entire home/apt,2,400
New York,Manhattan,10003,Entire home/apt,2,250
New York,Manhattan,10003,Entire home/apt,2,199
New York,Manhattan,10003,Entire home/apt,2,200
New York,Manhattan,10003,Entire home/apt,2,180
New York,Manhattan,10003,Entire home/apt,2,275
New York,Manhattan,10003,Entire home/apt,2,200
New York,Manhattan,10003,Entire home/apt,2,250
New York,Manhattan,10003,Private room,2,113
New York,Manhattan,10003,Entire home/apt,2,290
New York,Manhattan,10003,Entire home/apt,2,250
New York,Manhattan,10003,Entire home/apt,2,250
New York,Manhattan,10003,Entire home/apt,2,159
New York,Manhattan,10003,Entire home/apt,2,199
New York,Manhattan,10003,Private room,2,68
New York,Manhattan,10003,Entire home/apt,2,329
New York,Manhattan,10003,Entire home/apt,2,215
New York,Manhattan,10003,Entire home/apt,2,299
New York,Manhattan,10003,Entire home/apt,2,200
New York,Manhattan,10003,Entire home/apt,2,250
New York,Manhattan,10003,Entire home/apt,2,750
New York,Manhattan,10003,Entire home/apt,2,365
New York,Manhattan,10003,Entire home/apt,2,99
New York,Manhattan,10003,Entire home/apt,2,227
New York,Manhattan,10003,Entire home/apt,2,480
New York,Manhattan,10003,Entire home/apt,2,200
New York,Manhattan,10003,Entire home/apt,2,350
New York,Manhattan,10003,Entire home/apt,2,85
New York,Manhattan,10003,Entire home/apt,2,297
New York,Manhattan,10003,Entire home/apt,2,650
New York,Manhattan,10003,Private room,2,300
New York,Manhattan,10003,Private room,2,115
New York,Manhattan,10003,Entire home/apt,2,180
New York,Manhattan,10003,Entire home/apt,2,375
New York,Manhattan,10003,Entire home/apt,2,175
New York,Manhattan,10003,Entire home/apt,2,450
New York,Manhattan,10003,Entire home/apt,2,249
New York,Manhattan,10003,Private room,2,90
New York,Manhattan,10003,Entire home/apt,2,239
New York,Manhattan,10003,Entire home/apt,2,226
New York,Manhattan,10003,Entire home/apt,2,450
New York,Manhattan,10003,Entire home/apt,2,199
New York,Manhattan,10003,Entire home/apt,2,140
New York,Manhattan,10003,Entire home/apt,2,195
New York,Manhattan,10003,Entire home/apt,2,151
New York,Manhattan,10003,Entire home/apt,2,300
New York,Manhattan,10003,Entire home/apt,2,165
New York,Manhattan,10003,Entire home/apt,2,250
New York,Manhattan,10003,Entire home/apt,2,300
New York,Manhattan,10003,Entire home/apt,2,450
New York,Manhattan,10003,Entire home/apt,2,495
New York,Manhattan,10003,Entire home/apt,2,200
New York,Manhattan,10003,Entire home/apt,2,140
New York,Manhattan,10003,Entire home/apt,2,250
New York,Manhattan,10003,Entire home/apt,2,165
New York,Manhattan,10003,Entire home/apt,2,219
New York,Manhattan,10003,Entire home/apt,2,200
New York,Manhattan,10003,Private room,2,60
New York,Manhattan,10003,Entire home/apt,2,240
New York,Manhattan,10003,Entire home/apt,2,230
New York,Manhattan,10003,Entire home/apt,2,200
New York,Manhattan,10003,Entire home/apt,2,189
New York,Manhattan,10003,Entire home/apt,2,325
New York,Manhattan,10003,Entire home/apt,2,250
New York,Manhattan,10003,Entire home/apt,2,240
New York,Manhattan,10003,Entire home/apt,2,249
New York,Manhattan,10003,Entire home/apt,2,3750
New York,Manhattan,10003,Entire home/apt,2,550
New York,Manhattan,10003,Entire home/apt,2,165
New York,Manhattan,10003,Entire home/apt,2,275
New York,Manhattan,10003,Entire home/apt,2,200
New York,Manhattan,10003,Entire home/apt,2,450
New York,Manhattan,10003,Entire home/apt,2,198
New York,Manhattan,10003,Entire home/apt,2,450
New York,Manhattan,10003,Entire home/apt,2,110
New York,Manhattan,10003,Entire home/apt,2,271
New York,Brooklyn,11234,Entire home/apt,2,110
New York,Brooklyn,11234,Entire home/apt,2,125
New York,Brooklyn,11234,Entire home/apt,2,139
New York,Brooklyn,11234,Entire home/apt,2,100
New York,Brooklyn,11234,Private room,2,60
New York,Brooklyn,11234,Private room,2,110
New York,Brooklyn,11215,Entire home/apt,2,185
New York,Brooklyn,11217,Entire home/apt,2,169
New York,Brooklyn,11215,Entire home/apt,2,250
New York,Brooklyn,11215,Entire home/apt,2,250
New York,Brooklyn,11215,Entire home/apt,2,198
New York,Brooklyn,11215,Entire home/apt,2,299
New York,Brooklyn,11217,Entire home/apt,2,120
New York,Brooklyn,11215,Entire home/apt,2,162
New York,Brooklyn,11217,Entire home/apt,2,500
New York,Brooklyn,11231,Entire home/apt,2,400
New York,Brooklyn,11215,Entire home/apt,2,250
New York,Brooklyn,11231,Entire home/apt,2,180
New York,Brooklyn,11217,Entire home/apt,2,265
New York,Brooklyn,11215,Entire home/apt,2,146
New York,Brooklyn,11215,Entire home/apt,2,200
New York,Brooklyn,11231,Entire home/apt,2,250
New York,Brooklyn,11201,Entire home/apt,2,104
New York,Brooklyn,11217,Entire home/apt,2,400
New York,Brooklyn,11217,Entire home/apt,2,275
New York,Brooklyn,11215,Entire home/apt,2,165
New York,Brooklyn,11215,Entire home/apt,2,260
New York,Brooklyn,11215,Entire home/apt,2,295
New York,Brooklyn,11215,Entire home/apt,2,145
New York,Brooklyn,11215,Entire home/apt,2,250
New York,Brooklyn,11215,Entire home/apt,2,150
New York,Brooklyn,11231,Entire home/apt,2,140
New York,Brooklyn,11215,Entire home/apt,2,165
New York,Brooklyn,11215,Entire home/apt,2,150
New York,Brooklyn,11201,Entire home/apt,2,375
New York,Brooklyn,11217,Entire home/apt,2,225
New York,Brooklyn,11217,Entire home/apt,2,450
New York,Brooklyn,11217,Entire home/apt,2,150
New York,Brooklyn,11217,Entire home/apt,2,175
New York,Brooklyn,11217,Entire home/apt,2,190
New York,Brooklyn,11201,Entire home/apt,2,185
New York,Brooklyn,11217,Entire home/apt,2,410
New York,Brooklyn,11217,Entire home/apt,2,175
New York,Brooklyn,11217,Entire home/apt,2,225
New York,Brooklyn,11217,Entire home/apt,2,161
New York,Brooklyn,11217,Entire home/apt,2,170
New York,Brooklyn,11217,Entire home/apt,2,200
New York,Brooklyn,11201,Entire home/apt,2,325
New York,Brooklyn,11217,Entire home/apt,2,199
New York,Brooklyn,11217,Entire home/apt,2,300
New York,Brooklyn,11217,Entire home/apt,2,150
New York,Brooklyn,11217,Entire home/apt,2,150
New York,Brooklyn,11217,Entire home/apt,2,275
New York,Brooklyn,11217,Entire home/apt,2,400
New York,Brooklyn,11217,Entire home/apt,2,115
New York,Brooklyn,11201,Entire home/apt,2,200
New York,Brooklyn,11217,Entire home/apt,2,200
New York,Brooklyn,11217,Entire home/apt,2,245
New York,Brooklyn,11201,Entire home/apt,2,120
New York,Manhattan,10003,Entire home/apt,2,400
New York,Manhattan,10003,Entire home/apt,2,125
New York,Manhattan,10003,Entire home/apt,2,499
New York,Manhattan,10003,Entire home/apt,2,459
New York,Manhattan,10003,Entire home/apt,2,250
New York,Manhattan,10003,Entire home/apt,2,279
New York,Manhattan,10003,Entire home/apt,2,335
New York,Manhattan,10003,Entire home/apt,2,299
New York,Manhattan,10003,Entire home/apt,2,195
New York,Manhattan,10003,Entire home/apt,2,219
New York,Manhattan,10003,Entire home/apt,2,500
New York,Manhattan,10003,Entire home/apt,2,150
New York,Manhattan,10003,Entire home/apt,2,200
New York,Manhattan,10003,Entire home/apt,2,149
New York,Manhattan,10003,Entire home/apt,2,150
New York,Manhattan,10003,Entire home/apt,2,430
New York,Manhattan,10003,Entire home/apt,2,200
New York,Staten Island,10308,Entire home/apt,2,65
New York,Manhattan,10011,Entire home/apt,2,375
New York,Manhattan,10011,Entire home/apt,2,200
New York,Manhattan,10011,Entire home/apt,2,350
New York,Manhattan,10011,Entire home/apt,2,499
New York,Manhattan,10011,Entire home/apt,2,321
New York,Manhattan,10011,Entire home/apt,2,250
New York,Manhattan,10011,Entire home/apt,2,275
New York,Manhattan,10011,Entire home/apt,2,445
New York,Manhattan,10003,Entire home/apt,2,499
New York,Manhattan,10003,Entire home/apt,2,189
New York,Manhattan,10011,Entire home/apt,2,255
New York,Manhattan,10011,Entire home/apt,2,350
New York,Manhattan,10011,Entire home/apt,2,375
New York,Manhattan,10011,Entire home/apt,2,200
New York,Manhattan,10003,Entire home/apt,2,550
New York,Manhattan,10014,Entire home/apt,2,300
New York,Manhattan,10011,Entire home/apt,2,492
New York,Manhattan,10011,Entire home/apt,2,600
New York,Manhattan,10003,Entire home/apt,2,400
New York,Manhattan,10003,Entire home/apt,2,590
New York,Manhattan,10011,Entire home/apt,2,600
New York,Manhattan,10036,Entire home/apt,2,650
New York,Manhattan,10036,Entire home/apt,2,420
New York,Manhattan,10036,Entire home/apt,2,229
New York,Manhattan,10036,Entire home/apt,2,320
New York,Manhattan,10036,Entire home/apt,2,400
New York,Manhattan,10036,Entire home/apt,2,220
New York,Manhattan,10036,Entire home/apt,2,200
New York,Manhattan,10036,Entire home/apt,2,155
New York,Manhattan,10036,Entire home/apt,2,398
New York,Manhattan,10036,Entire home/apt,2,250
New York,Manhattan,10014,Entire home/apt,2,250
New York,Manhattan,10036,Entire home/apt,2,300
New York,Manhattan,10036,Entire home/apt,2,365
New York,Manhattan,10036,Entire home/apt,2,200
New York,Manhattan,10036,Entire home/apt,2,301
New York,Manhattan,10036,Private room,2,79
New York,Manhattan,10036,Entire home/apt,2,190
New York,Manhattan,10036,Entire home/apt,2,375
New York,Manhattan,10036,Entire home/apt,2,499
New York,Manhattan,10036,Entire home/apt,2,199
New York,Manhattan,10036,Entire home/apt,2,325
New York,Manhattan,10036,Entire home/apt,2,139
New York,Manhattan,10036,Entire home/apt,2,220
New York,Manhattan,10036,Entire home/apt,2,275
New York,Manhattan,10036,Entire home/apt,2,149
New York,Manhattan,10036,Entire home/apt,2,225
New York,Manhattan,10036,Entire home/apt,2,4700
New York,Manhattan,10036,Entire home/apt,2,339
New York,Manhattan,10036,Entire home/apt,2,425
New York,Manhattan,10036,Entire home/apt,2,250
New York,Manhattan,10036,Entire home/apt,2,299
New York,Manhattan,10036,Entire home/apt,2,490
New York,Manhattan,10036,Entire home/apt,2,270
New York,Manhattan,10036,Entire home/apt,2,338
New York,Manhattan,10036,Entire home/apt,2,184
New York,Manhattan,10036,Private room,2,115
New York,Manhattan,10036,Entire home/apt,2,480
New York,Manhattan,10036,Entire home/apt,2,395
New York,Manhattan,10036,Entire home/apt,2,349
New York,Manhattan,10036,Entire home/apt,2,299
New York,Manhattan,10036,Entire home/apt,2,250
New York,Manhattan,10036,Entire home/apt,2,155
New York,Manhattan,10036,Entire home/apt,2,99
New York,Manhattan,10036,Entire home/apt,2,350
New York,Manhattan,10036,Entire home/apt,2,550
New York,Manhattan,10036,Private room,2,70
New York,Manhattan,10036,Entire home/apt,2,425
New York,Manhattan,10036,Entire home/apt,2,272
New York,Manhattan,10036,Entire home/apt,2,324
New York,Manhattan,10036,Entire home/apt,2,160
New York,Manhattan,10036,Entire home/apt,2,400
New York,Manhattan,10036,Entire home/apt,2,329
New York,Manhattan,10036,Private room,2,250
New York,Manhattan,10036,Entire home/apt,2,350
New York,Manhattan,10036,Entire home/apt,2,227
New York,Manhattan,10036,Entire home/apt,2,325
New York,Manhattan,10036,Entire home/apt,2,350
New York,Manhattan,10036,Entire home/apt,2,150
New York,Manhattan,10036,Entire home/apt,2,150
New York,Manhattan,10036,Entire home/apt,2,349
New York,Manhattan,10036,Entire home/apt,2,449
New York,Manhattan,10036,Entire home/apt,2,200
New York,Manhattan,10036,Entire home/apt,2,130
New York,Manhattan,10036,Entire home/apt,2,269
New York,Manhattan,10036,Private room,2,240
New York,Manhattan,10036,Entire home/apt,2,360
New York,Manhattan,10036,Entire home/apt,2,199
New York,Manhattan,10036,Entire home/apt,2,240
New York,Manhattan,10036,Entire home/apt,2,170
New York,Manhattan,10036,Entire home/apt,2,271
New York,Manhattan,10036,Entire home/apt,2,325
New York,Manhattan,10036,Entire home/apt,2,240
New York,Manhattan,10036,Entire home/apt,2,325
New York,Manhattan,10036,Entire home/apt,2,599
New York,Manhattan,10036,Entire home/apt,2,99
New York,Manhattan,10036,Entire home/apt,2,300
New York,Manhattan,10036,Entire home/apt,2,270
New York,Manhattan,10036,Entire home/apt,2,229
New York,Manhattan,10036,Entire home/apt,2,400
New York,Manhattan,10036,Entire home/apt,2,350
New York,Manhattan,10036,Entire home/apt,2,250
New York,Manhattan,10036,Entire home/apt,2,1e3
New York,Manhattan,10036,Entire home/apt,2,600
New York,Manhattan,10036,Entire home/apt,2,300
New York,Manhattan,10036,Entire home/apt,2,440
New York,Manhattan,10036,Entire home/apt,2,300
New York,Manhattan,10036,Entire home/apt,2,390
New York,Manhattan,10036,Entire home/apt,2,275
New York,Manhattan,10036,Entire home/apt,2,425
New York,Manhattan,10036,Entire home/apt,2,250
New York,Manhattan,10036,Entire home/apt,2,525
New York,Manhattan,10036,Entire home/apt,2,321
New York,Manhattan,10036,Entire home/apt,2,351
New York,Manhattan,10036,Entire home/apt,2,275
New York,Manhattan,10036,Entire home/apt,2,300
New York,Manhattan,10036,Entire home/apt,2,299
New York,Manhattan,10036,Entire home/apt,2,449
New York,Queens,11434,Entire home/apt,2,75
New York,Queens,11434,Private room,2,95
New York,Queens,11434,Private room,2,85
New York,Queens,11434,Entire home/apt,2,130
New York,Queens,11434,Entire home/apt,2,100
New York,Queens,11434,Entire home/apt,2,65
New York,Queens,11434,Private room,2,40
New York,Queens,11434,Entire home/apt,2,150
New York,Manhattan,10013,Entire home/apt,2,350
New York,Manhattan,10013,Entire home/apt,2,265
New York,Manhattan,10013,Entire home/apt,2,199
New York,Manhattan,10013,Entire home/apt,2,180
New York,Manhattan,10013,Private room,2,150
New York,Manhattan,10013,Entire home/apt,2,185
New York,Manhattan,10013,Entire home/apt,2,299
New York,Manhattan,10013,Entire home/apt,2,150
New York,Manhattan,10013,Entire home/apt,2,140
New York,Manhattan,10013,Entire home/apt,2,300
New York,Manhattan,10013,Entire home/apt,2,280
New York,Manhattan,10013,Entire home/apt,2,250
New York,Manhattan,10013,Entire home/apt,2,300
New York,Manhattan,10013,Entire home/apt,2,279
New York,Manhattan,10013,Entire home/apt,2,315
New York,Manhattan,10013,Entire home/apt,2,275
New York,Manhattan,10013,Entire home/apt,2,199
New York,Manhattan,10013,Entire home/apt,2,135
New York,Manhattan,10003,Entire home/apt,2,129
New York,Manhattan,10003,Entire home/apt,2,276
New York,Manhattan,10022,Entire home/apt,2,249
New York,Manhattan,10022,Entire home/apt,2,400
New York,Manhattan,10022,Entire home/apt,2,375
New York,Manhattan,10022,Entire home/apt,2,290
New York,Manhattan,10022,Entire home/apt,2,275
New York,Manhattan,10022,Entire home/apt,2,250
New York,Manhattan,10022,Entire home/apt,2,379
New York,Manhattan,10022,Entire home/apt,2,297
New York,Manhattan,10022,Entire home/apt,2,599
New York,Manhattan,10022,Entire home/apt,2,220
New York,Manhattan,10022,Entire home/apt,2,185
New York,Manhattan,10022,Entire home/apt,2,250
New York,Manhattan,10022,Entire home/apt,2,350
New York,Manhattan,10022,Private room,2,325
New York,Manhattan,10022,Entire home/apt,2,389
New York,Manhattan,10022,Entire home/apt,2,300
New York,Manhattan,10022,Entire home/apt,2,2e3
New York,Manhattan,10022,Entire home/apt,2,170
New York,Manhattan,10022,Entire home/apt,2,385
New York,Manhattan,10022,Private room,2,99
New York,Manhattan,10022,Entire home/apt,2,149
New York,Manhattan,10022,Entire home/apt,2,1200
New York,Manhattan,10022,Entire home/apt,2,350
New York,Manhattan,10022,Entire home/apt,2,200
New York,Manhattan,10022,Entire home/apt,2,270
New York,Manhattan,10022,Entire home/apt,2,299
New York,Manhattan,10022,Entire home/apt,2,230
New York,Manhattan,10022,Private room,2,400
New York,Manhattan,10022,Entire home/apt,2,240
New York,Manhattan,10022,Entire home/apt,2,350
New York,Staten Island,10306,Entire home/apt,2,70
New York,Staten Island,10306,Entire home/apt,2,116
New York,Manhattan,10025,Entire home/apt,2,189
New York,Manhattan,10025,Entire home/apt,2,250
New York,Manhattan,10025,Entire home/apt,2,600
New York,Manhattan,10025,Entire home/apt,2,200
New York,Manhattan,10025,Entire home/apt,2,290
New York,Manhattan,10025,Entire home/apt,2,200
New York,Manhattan,10025,Entire home/apt,2,160
New York,Manhattan,10025,Entire home/apt,2,290
New York,Manhattan,10025,Private room,2,99
New York,Manhattan,10025,Entire home/apt,2,325
New York,Manhattan,10025,Entire home/apt,2,290
New York,Manhattan,10025,Entire home/apt,2,150
New York,Manhattan,10025,Entire home/apt,2,120
New York,Manhattan,10025,Entire home/apt,2,400
New York,Manhattan,10025,Entire home/apt,2,170
New York,Manhattan,10003,Entire home/apt,2,400
New York,Manhattan,10003,Entire home/apt,2,490
New York,Manhattan,10003,Entire home/apt,2,385
New York,Manhattan,10003,Entire home/apt,2,499
New York,Manhattan,10003,Entire home/apt,2,229
New York,Manhattan,10003,Entire home/apt,2,525
New York,Manhattan,10003,Entire home/apt,2,250
New York,Manhattan,10003,Entire home/apt,2,305
New York,Manhattan,10003,Entire home/apt,2,325
New York,Manhattan,10003,Private room,2,120
New York,Manhattan,10003,Entire home/apt,2,989
New York,Manhattan,10013,Entire home/apt,2,465
New York,Manhattan,10013,Entire home/apt,2,198
New York,Manhattan,10013,Entire home/apt,2,250
New York,Brooklyn,11215,Entire home/apt,2,88
New York,Brooklyn,11215,Entire home/apt,2,130
New York,Brooklyn,11215,Entire home/apt,2,140
New York,Brooklyn,11215,Entire home/apt,2,159
New York,Brooklyn,11215,Entire home/apt,2,160
New York,Brooklyn,11217,Private room,2,135
New York,Brooklyn,11217,Entire home/apt,2,140
New York,Brooklyn,11215,Entire home/apt,2,150
New York,Brooklyn,11215,Entire home/apt,2,250
New York,Brooklyn,11215,Entire home/apt,2,195
New York,Brooklyn,11217,Entire home/apt,2,400
New York,Brooklyn,11215,Entire home/apt,2,190
New York,Brooklyn,11215,Entire home/apt,2,200
New York,Brooklyn,11217,Entire home/apt,2,170
New York,Brooklyn,11215,Entire home/apt,2,220
New York,Brooklyn,11217,Entire home/apt,2,185
New York,Brooklyn,11215,Entire home/apt,2,160
New York,Brooklyn,11215,Entire home/apt,2,220
New York,Brooklyn,11217,Private room,2,115
New York,Brooklyn,11215,Entire home/apt,2,190
New York,Brooklyn,11215,Entire home/apt,2,165
New York,Brooklyn,11215,Entire home/apt,2,125
New York,Brooklyn,11215,Entire home/apt,2,200
New York,Brooklyn,11217,Entire home/apt,2,220
New York,Brooklyn,11217,Entire home/apt,2,180
New York,Brooklyn,11217,Entire home/apt,2,285
New York,Brooklyn,11215,Entire home/apt,2,250
New York,Brooklyn,11215,Entire home/apt,2,240
New York,Brooklyn,11215,Entire home/apt,2,225
New York,Brooklyn,11215,Entire home/apt,2,140
New York,Brooklyn,11215,Entire home/apt,2,150
New York,Brooklyn,11215,Entire home/apt,2,300
New York,Brooklyn,11215,Entire home/apt,2,400
New York,Brooklyn,11217,Entire home/apt,2,170
New York,Brooklyn,11217,Entire home/apt,2,150
New York,Brooklyn,11217,Entire home/apt,2,175
New York,Brooklyn,11215,Entire home/apt,2,189
New York,Brooklyn,11217,Entire home/apt,2,245
New York,Brooklyn,11215,Entire home/apt,2,165
New York,Brooklyn,11217,Entire home/apt,2,240
New York,Brooklyn,11217,Entire home/apt,2,175
New York,Brooklyn,11217,Entire home/apt,2,150
New York,Brooklyn,11215,Entire home/apt,2,495
New York,Brooklyn,11215,Entire home/apt,2,200
New York,Brooklyn,11215,Entire home/apt,2,100
New York,Brooklyn,11217,Entire home/apt,2,195
New York,Brooklyn,11215,Private room,2,80
New York,Brooklyn,11217,Entire home/apt,2,215
New York,Brooklyn,11215,Entire home/apt,2,300
New York,Brooklyn,11215,Entire home/apt,2,200
New York,Brooklyn,11215,Entire home/apt,2,150
New York,Brooklyn,11217,Entire home/apt,2,250
New York,Brooklyn,11215,Entire home/apt,2,130
New York,Brooklyn,11217,Entire home/apt,2,120
New York,Brooklyn,11217,Entire home/apt,2,250
New York,Brooklyn,11217,Entire home/apt,2,300
New York,Brooklyn,11217,Entire home/apt,2,125
New York,Brooklyn,11215,Private room,2,85
New York,Brooklyn,11217,Entire home/apt,2,125
New York,Brooklyn,11215,Entire home/apt,2,175
New York,Brooklyn,11215,Entire home/apt,2,250
New York,Brooklyn,11215,Entire home/apt,2,215
New York,Brooklyn,11215,Entire home/apt,2,180
New York,Brooklyn,11215,Entire home/apt,2,137
New York,Brooklyn,11215,Private room,2,70
New York,Brooklyn,11217,Entire home/apt,2,200
New York,Brooklyn,11217,Private room,2,135
New York,Brooklyn,11215,Entire home/apt,2,135
New York,Brooklyn,11215,Entire home/apt,2,700
New York,Brooklyn,11215,Entire home/apt,2,160
New York,Brooklyn,11217,Entire home/apt,2,180
New York,Brooklyn,11217,Entire home/apt,2,260
New York,Brooklyn,11217,Entire home/apt,2,164
New York,Brooklyn,11217,Entire home/apt,2,250
New York,Brooklyn,11217,Entire home/apt,2,275
New York,Brooklyn,11217,Entire home/apt,2,200
New York,Brooklyn,11217,Entire home/apt,2,219
New York,Brooklyn,11217,Entire home/apt,2,154
New York,Brooklyn,11217,Entire home/apt,2,154
New York,Brooklyn,11217,Entire home/apt,2,175
New York,Brooklyn,11231,Entire home/apt,2,200
New York,Brooklyn,11231,Entire home/apt,2,140
New York,Brooklyn,11231,Entire home/apt,2,239
New York,Brooklyn,11231,Entire home/apt,2,200
New York,Brooklyn,11231,Entire home/apt,2,150
New York,Brooklyn,11231,Entire home/apt,2,150
New York,Brooklyn,11231,Entire home/apt,2,350
New York,Brooklyn,11231,Entire home/apt,2,80
New York,Brooklyn,11231,Entire home/apt,2,210
New York,Brooklyn,11231,Entire home/apt,2,145
New York,Staten Island,10305,Entire home/apt,2,99
New York,Manhattan,10013,Entire home/apt,2,789
New York,Manhattan,10013,Private room,2,399
New York,Manhattan,10013,Entire home/apt,2,760
New York,Manhattan,10013,Entire home/apt,2,525
New York,Manhattan,10013,Entire home/apt,2,250
New York,Manhattan,10013,Entire home/apt,2,450
New York,Manhattan,10013,Entire home/apt,2,380
New York,Manhattan,10013,Entire home/apt,2,449
New York,Manhattan,10013,Entire home/apt,2,160
New York,Manhattan,10014,Entire home/apt,2,400
New York,Manhattan,10013,Entire home/apt,2,350
New York,Manhattan,10014,Entire home/apt,2,245
New York,Manhattan,10013,Entire home/apt,2,190
New York,Manhattan,10013,Entire home/apt,2,500
New York,Manhattan,10013,Entire home/apt,2,1e3
New York,Manhattan,10013,Entire home/apt,2,299
New York,Manhattan,10013,Entire home/apt,2,499
New York,Manhattan,10013,Entire home/apt,2,590
New York,Manhattan,10013,Entire home/apt,2,290
New York,Staten Island,10312,Entire home/apt,2,215
New York,Brooklyn,11215,Entire home/apt,2,155
New York,Brooklyn,11215,Entire home/apt,2,185
New York,Brooklyn,11215,Entire home/apt,2,130
New York,Brooklyn,11215,Entire home/apt,2,150
New York,Brooklyn,11215,Entire home/apt,2,295
New York,Brooklyn,11215,Entire home/apt,2,120
New York,Brooklyn,11215,Entire home/apt,2,125
New York,Brooklyn,11215,Entire home/apt,2,150
New York,Brooklyn,11215,Entire home/apt,2,225
New York,Brooklyn,11215,Entire home/apt,2,135
New York,Brooklyn,11215,Entire home/apt,2,200
New York,Brooklyn,11215,Entire home/apt,2,275
New York,Brooklyn,11215,Entire home/apt,2,300
New York,Brooklyn,11215,Entire home/apt,2,200
New York,Brooklyn,11215,Entire home/apt,2,115
New York,Brooklyn,11215,Entire home/apt,2,190
New York,Brooklyn,11215,Entire home/apt,2,169
New York,Brooklyn,11215,Entire home/apt,2,100
New York,Brooklyn,11215,Entire home/apt,2,75
New York,Brooklyn,11215,Entire home/apt,2,110
New York,Brooklyn,11215,Entire home/apt,2,149
New York,Brooklyn,11215,Entire home/apt,2,185
New York,Brooklyn,11215,Entire home/apt,2,145
New York,Brooklyn,11215,Entire home/apt,2,224
New York,Brooklyn,11215,Entire home/apt,2,218
New York,Brooklyn,11215,Entire home/apt,2,175
New York,Brooklyn,11215,Entire home/apt,2,120
New York,Brooklyn,11215,Entire home/apt,2,160
New York,Brooklyn,11215,Entire home/apt,2,175
New York,Brooklyn,11215,Entire home/apt,2,150
New York,Brooklyn,11215,Entire home/apt,2,150
New York,Brooklyn,11215,Entire home/apt,2,160
New York,Brooklyn,11215,Entire home/apt,2,250
New York,Brooklyn,11215,Entire home/apt,2,145
New York,Brooklyn,11215,Entire home/apt,2,130
New York,Brooklyn,11215,Entire home/apt,2,150
New York,Brooklyn,11215,Entire home/apt,2,205
New York,Brooklyn,11215,Entire home/apt,2,135
New York,Brooklyn,11215,Entire home/apt,2,125
New York,Brooklyn,11215,Entire home/apt,2,145
New York,Brooklyn,11215,Entire home/apt,2,70
New York,Brooklyn,11215,Entire home/apt,2,200
New York,Brooklyn,11215,Entire home/apt,2,120
New York,Brooklyn,11215,Entire home/apt,2,150
New York,Brooklyn,11215,Entire home/apt,2,175
New York,Brooklyn,11215,Entire home/apt,2,225
New York,Brooklyn,11215,Entire home/apt,2,90
New York,Brooklyn,11215,Entire home/apt,2,300
New York,Brooklyn,11215,Entire home/apt,2,200
New York,Brooklyn,11215,Entire home/apt,2,150
New York,Brooklyn,11215,Entire home/apt,2,140
New York,Brooklyn,11215,Entire home/apt,2,200
New York,Brooklyn,11215,Entire home/apt,2,175
New York,Brooklyn,11215,Private room,2,100
New York,Brooklyn,11215,Entire home/apt,2,180
New York,Queens,11434,Entire home/apt,2,155
New York,Staten Island,10304,Entire home/apt,2,119
New York,Manhattan,10003,Entire home/apt,2,169
New York,Brooklyn,11215,Entire home/apt,2,155
New York,Brooklyn,11215,Entire home/apt,2,275
New York,Brooklyn,11215,Entire home/apt,2,150
New York,Brooklyn,11215,Entire home/apt,2,200
New York,Brooklyn,11215,Entire home/apt,2,175
New York,Brooklyn,11215,Entire home/apt,2,100
New York,Brooklyn,11215,Entire home/apt,2,140
New York,Brooklyn,11215,Entire home/apt,2,225
New York,Brooklyn,11215,Entire home/apt,2,215
New York,Brooklyn,11215,Entire home/apt,2,125
New York,Brooklyn,11215,Entire home/apt,2,125
New York,Brooklyn,11215,Entire home/apt,2,155
New York,Brooklyn,11215,Entire home/apt,2,125
New York,Brooklyn,11215,Entire home/apt,2,80
New York,Brooklyn,11215,Entire home/apt,2,240
New York,Brooklyn,11215,Entire home/apt,2,130
New York,Manhattan,10036,Entire home/apt,2,369
New York,Manhattan,10036,Entire home/apt,2,495
New York,Manhattan,10036,Entire home/apt,2,58
New York,Manhattan,10036,Entire home/apt,2,685
New York,Manhattan,10036,Entire home/apt,2,975
New York,Manhattan,10036,Entire home/apt,2,590
New York,Manhattan,10036,Entire home/apt,2,138
New York,Manhattan,10036,Entire home/apt,2,499
New York,Manhattan,10036,Entire home/apt,2,219
New York,Manhattan,10036,Entire home/apt,2,475
New York,Manhattan,10036,Entire home/apt,2,395
New York,Manhattan,10013,Entire home/apt,2,1e3
New York,Manhattan,10013,Entire home/apt,2,325
New York,Manhattan,10013,Entire home/apt,2,197
New York,Manhattan,10013,Entire home/apt,2,480
New York,Manhattan,10013,Entire home/apt,2,259
New York,Manhattan,10013,Entire home/apt,2,350
New York,Manhattan,10013,Entire home/apt,2,450
New York,Manhattan,10013,Entire home/apt,2,500
New York,Manhattan,10013,Entire home/apt,2,550
New York,Manhattan,10013,Entire home/apt,2,375
New York,Manhattan,10013,Entire home/apt,2,400
New York,Manhattan,10013,Entire home/apt,2,218
New York,Manhattan,10013,Entire home/apt,2,450
New York,Manhattan,10013,Entire home/apt,2,450
New York,Manhattan,10013,Entire home/apt,2,350
New York,Manhattan,10013,Entire home/apt,2,877
New York,Manhattan,10013,Entire home/apt,2,350
New York,Manhattan,10013,Entire home/apt,2,251
New York,Manhattan,10013,Entire home/apt,2,450
New York,Manhattan,10013,Entire home/apt,2,590
New York,Manhattan,10013,Private room,2,142
New York,Manhattan,10013,Entire home/apt,2,425
New York,Manhattan,10013,Entire home/apt,2,1e3
New York,Manhattan,10013,Entire home/apt,2,300
New York,Manhattan,10013,Entire home/apt,2,300
New York,Manhattan,10013,Entire home/apt,2,575
New York,Manhattan,10013,Entire home/apt,2,395
New York,Manhattan,10013,Entire home/apt,2,120
New York,Brooklyn,11201,Entire home/apt,2,170
New York,Brooklyn,11201,Entire home/apt,2,245
New York,Brooklyn,11201,Entire home/apt,2,150
New York,Manhattan,10028,Entire home/apt,2,120
New York,Manhattan,10128,Entire home/apt,2,204
New York,Manhattan,10021,Entire home/apt,2,275
New York,Manhattan,10128,Entire home/apt,2,305
New York,Manhattan,10028,Entire home/apt,2,650
New York,Manhattan,10021,Entire home/apt,2,250
New York,Manhattan,10128,Entire home/apt,2,149
New York,Manhattan,10128,Entire home/apt,2,70
New York,Manhattan,10021,Entire home/apt,2,300
New York,Manhattan,10028,Entire home/apt,2,299
New York,Manhattan,10022,Entire home/apt,2,129
New York,Manhattan,10128,Entire home/apt,2,135
New York,Manhattan,10128,Entire home/apt,2,350
New York,Manhattan,10028,Entire home/apt,2,375
New York,Manhattan,10128,Entire home/apt,2,350
New York,Manhattan,10028,Entire home/apt,2,140
New York,Manhattan,10128,Entire home/apt,2,180
New York,Manhattan,10028,Entire home/apt,2,499
New York,Manhattan,10128,Private room,2,275
New York,Manhattan,10028,Entire home/apt,2,195
New York,Manhattan,10028,Entire home/apt,2,375
New York,Manhattan,10128,Entire home/apt,2,175
New York,Manhattan,10028,Entire home/apt,2,250
New York,Manhattan,10021,Entire home/apt,2,150
New York,Manhattan,10128,Entire home/apt,2,389
New York,Manhattan,10021,Private room,2,100
New York,Manhattan,10028,Entire home/apt,2,325
New York,Manhattan,10128,Entire home/apt,2,350
New York,Manhattan,10021,Entire home/apt,2,300
New York,Manhattan,10028,Entire home/apt,2,105
New York,Manhattan,10022,Entire home/apt,2,300
New York,Manhattan,10128,Entire home/apt,2,400
New York,Manhattan,10128,Entire home/apt,2,222
New York,Manhattan,10022,Entire home/apt,2,349
New York,Manhattan,10028,Entire home/apt,2,258
New York,Manhattan,10128,Entire home/apt,2,199
New York,Manhattan,10021,Entire home/apt,2,148
New York,Manhattan,10021,Entire home/apt,2,300
New York,Manhattan,10128,Private room,2,111
New York,Manhattan,10028,Entire home/apt,2,250
New York,Manhattan,10128,Private room,2,67
New York,Manhattan,10128,Entire home/apt,2,300
New York,Manhattan,10128,Entire home/apt,2,399
New York,Manhattan,10128,Entire home/apt,2,88
New York,Manhattan,10028,Entire home/apt,2,400
New York,Manhattan,10021,Private room,2,70
New York,Manhattan,10028,Entire home/apt,2,550
New York,Manhattan,10028,Entire home/apt,2,230
New York,Manhattan,10028,Entire home/apt,2,249
New York,Manhattan,10021,Entire home/apt,2,150
New York,Manhattan,10021,Entire home/apt,2,160
New York,Manhattan,10128,Entire home/apt,2,299
New York,Manhattan,10128,Entire home/apt,2,95
New York,Manhattan,10128,Entire home/apt,2,425
New York,Manhattan,10128,Entire home/apt,2,130
New York,Manhattan,10128,Entire home/apt,2,180
New York,Manhattan,10022,Entire home/apt,2,300
New York,Manhattan,10021,Entire home/apt,2,250
New York,Manhattan,10028,Entire home/apt,2,240
New York,Manhattan,10128,Entire home/apt,2,150
New York,Manhattan,10028,Entire home/apt,2,160
New York,Manhattan,10028,Entire home/apt,2,220
New York,Manhattan,10128,Entire home/apt,2,200
New York,Manhattan,10128,Entire home/apt,2,249
New York,Manhattan,10128,Entire home/apt,2,220
New York,Manhattan,10128,Entire home/apt,2,400
New York,Manhattan,10021,Entire home/apt,2,159
New York,Manhattan,10128,Entire home/apt,2,100
New York,Manhattan,10028,Entire home/apt,2,295
New York,Manhattan,10028,Entire home/apt,2,160
New York,Manhattan,10128,Entire home/apt,2,450
New York,Manhattan,10028,Entire home/apt,2,181
New York,Manhattan,10021,Entire home/apt,2,175
New York,Manhattan,10028,Private room,2,120
New York,Manhattan,10128,Private room,2,100
New York,Manhattan,10021,Entire home/apt,2,225
New York,Manhattan,10128,Entire home/apt,2,450
New York,Manhattan,10128,Entire home/apt,2,300
New York,Manhattan,10028,Entire home/apt,2,299
New York,Manhattan,10021,Entire home/apt,2,140
New York,Manhattan,10128,Entire home/apt,2,170
New York,Manhattan,10128,Entire home/apt,2,289
New York,Manhattan,10028,Entire home/apt,2,350
New York,Manhattan,10128,Entire home/apt,2,115
New York,Manhattan,10128,Entire home/apt,2,250
New York,Manhattan,10028,Entire home/apt,2,150
New York,Manhattan,10022,Entire home/apt,2,249
New York,Manhattan,10028,Entire home/apt,2,200
New York,Manhattan,10128,Entire home/apt,2,129
New York,Manhattan,10021,Entire home/apt,2,1600
New York,Manhattan,10128,Entire home/apt,2,225
New York,Manhattan,10128,Entire home/apt,2,250
New York,Manhattan,10128,Entire home/apt,2,300
New York,Manhattan,10128,Private room,2,55
New York,Manhattan,10128,Entire home/apt,2,115
New York,Manhattan,10028,Entire home/apt,2,150
New York,Manhattan,10128,Entire home/apt,2,210
New York,Manhattan,10022,Entire home/apt,2,345
New York,Manhattan,10128,Private room,2,90
New York,Manhattan,10022,Entire home/apt,2,325
New York,Manhattan,10128,Entire home/apt,2,250
New York,Manhattan,10028,Entire home/apt,2,200
New York,Manhattan,10128,Entire home/apt,2,275
New York,Manhattan,10128,Entire home/apt,2,249
New York,Manhattan,10128,Entire home/apt,2,100
New York,Manhattan,10128,Private room,2,220
New York,Manhattan,10028,Entire home/apt,2,200
New York,Manhattan,10028,Entire home/apt,2,200
New York,Manhattan,10021,Entire home/apt,2,250
New York,Manhattan,10128,Entire home/apt,2,199
New York,Manhattan,10128,Entire home/apt,2,120
New York,Manhattan,10021,Entire home/apt,2,160
New York,Manhattan,10028,Entire home/apt,2,500
New York,Manhattan,10021,Entire home/apt,2,200
New York,Manhattan,10022,Entire home/apt,2,485
New York,Manhattan,10023,Entire home/apt,2,200
New York,Manhattan,10023,Entire home/apt,2,199
New York,Manhattan,10025,Entire home/apt,2,322
New York,Manhattan,10025,Entire home/apt,2,250
New York,Manhattan,10025,Entire home/apt,2,950
New York,Manhattan,10025,Entire home/apt,2,100
New York,Manhattan,10023,Entire home/apt,2,210
New York,Manhattan,10025,Entire home/apt,2,319
New York,Manhattan,10023,Entire home/apt,2,250
New York,Manhattan,10023,Entire home/apt,2,195
New York,Manhattan,10025,Entire home/apt,2,149
New York,Manhattan,10023,Entire home/apt,2,240
New York,Manhattan,10025,Entire home/apt,2,195
New York,Manhattan,10023,Entire home/apt,2,399
New York,Manhattan,10025,Entire home/apt,2,250
New York,Manhattan,10025,Entire home/apt,2,495
New York,Manhattan,10023,Entire home/apt,2,290
New York,Manhattan,10025,Entire home/apt,2,239
New York,Manhattan,10025,Entire home/apt,2,400
New York,Manhattan,10023,Entire home/apt,2,350
New York,Manhattan,10025,Entire home/apt,2,273
New York,Manhattan,10023,Entire home/apt,2,299
New York,Manhattan,10025,Entire home/apt,2,1500
New York,Manhattan,10025,Entire home/apt,2,169
New York,Manhattan,10025,Entire home/apt,2,200
New York,Manhattan,10023,Entire home/apt,2,250
New York,Manhattan,10025,Entire home/apt,2,400
New York,Manhattan,10025,Entire home/apt,2,350
New York,Manhattan,10023,Entire home/apt,2,300
New York,Manhattan,10025,Entire home/apt,2,220
New York,Manhattan,10025,Entire home/apt,2,150
New York,Manhattan,10023,Private room,2,79
New York,Manhattan,10023,Entire home/apt,2,205
New York,Manhattan,10025,Entire home/apt,2,1e3
New York,Manhattan,10025,Entire home/apt,2,200
New York,Manhattan,10023,Private room,2,142
New York,Manhattan,10025,Entire home/apt,2,200
New York,Manhattan,10023,Entire home/apt,2,374
New York,Manhattan,10023,Entire home/apt,2,350
New York,Manhattan,10025,Entire home/apt,2,200
New York,Manhattan,10025,Entire home/apt,2,390
New York,Manhattan,10025,Entire home/apt,2,175
New York,Manhattan,10025,Entire home/apt,2,50
New York,Manhattan,10025,Entire home/apt,2,195
New York,Manhattan,10025,Entire home/apt,2,85
New York,Manhattan,10023,Entire home/apt,2,235
New York,Manhattan,10025,Entire home/apt,2,175
New York,Manhattan,10023,Entire home/apt,2,375
New York,Manhattan,10025,Entire home/apt,2,280
New York,Manhattan,10025,Entire home/apt,2,218
New York,Manhattan,10023,Entire home/apt,2,280
New York,Manhattan,10023,Entire home/apt,2,249
New York,Manhattan,10025,Entire home/apt,2,357
New York,Manhattan,10023,Entire home/apt,2,170
New York,Manhattan,10023,Entire home/apt,2,550
New York,Manhattan,10025,Entire home/apt,2,225
New York,Manhattan,10025,Entire home/apt,2,340
New York,Manhattan,10023,Entire home/apt,2,300
New York,Manhattan,10025,Entire home/apt,2,1500
New York,Manhattan,10023,Entire home/apt,2,349
New York,Manhattan,10025,Entire home/apt,2,187
New York,Manhattan,10025,Entire home/apt,2,372
New York,Manhattan,10025,Entire home/apt,2,299
New York,Manhattan,10023,Entire home/apt,2,293
New York,Manhattan,10025,Entire home/apt,2,500
New York,Manhattan,10023,Entire home/apt,2,250
New York,Manhattan,10025,Entire home/apt,2,200
New York,Manhattan,10025,Entire home/apt,2,455
New York,Manhattan,10025,Entire home/apt,2,225
New York,Manhattan,10025,Entire home/apt,2,199
New York,Manhattan,10023,Entire home/apt,2,325
New York,Manhattan,10023,Entire home/apt,2,425
New York,Manhattan,10025,Entire home/apt,2,200
New York,Manhattan,10023,Entire home/apt,2,300
New York,Manhattan,10025,Entire home/apt,2,150
New York,Manhattan,10023,Entire home/apt,2,275
New York,Manhattan,10025,Entire home/apt,2,140
New York,Manhattan,10023,Private room,2,129
New York,Manhattan,10023,Entire home/apt,2,235
New York,Manhattan,10025,Entire home/apt,2,213
New York,Manhattan,10025,Entire home/apt,2,206
New York,Manhattan,10023,Entire home/apt,2,250
New York,Manhattan,10025,Entire home/apt,2,600
New York,Manhattan,10023,Entire home/apt,2,350
New York,Manhattan,10025,Entire home/apt,2,150
New York,Manhattan,10025,Entire home/apt,2,115
New York,Manhattan,10025,Entire home/apt,2,900
New York,Manhattan,10023,Entire home/apt,2,300
New York,Manhattan,10023,Entire home/apt,2,165
New York,Manhattan,10025,Entire home/apt,2,220
New York,Manhattan,10025,Entire home/apt,2,149
New York,Manhattan,10023,Entire home/apt,2,400
New York,Manhattan,10025,Entire home/apt,2,249
New York,Manhattan,10023,Entire home/apt,2,325
New York,Manhattan,10025,Entire home/apt,2,169
New York,Manhattan,10025,Entire home/apt,2,375
New York,Manhattan,10025,Entire home/apt,2,165
New York,Manhattan,10025,Entire home/apt,2,395
New York,Manhattan,10023,Entire home/apt,2,149
New York,Manhattan,10023,Entire home/apt,2,225
New York,Manhattan,10025,Entire home/apt,2,300
New York,Manhattan,10025,Entire home/apt,2,100
New York,Manhattan,10023,Entire home/apt,2,250
New York,Manhattan,10025,Entire home/apt,2,200
New York,Manhattan,10023,Entire home/apt,2,350
New York,Manhattan,10025,Entire home/apt,2,250
New York,Manhattan,10023,Entire home/apt,2,265
New York,Manhattan,10025,Private room,2,90
New York,Manhattan,10025,Entire home/apt,2,225
New York,Manhattan,10023,Private room,2,82
New York,Manhattan,10023,Entire home/apt,2,500
New York,Manhattan,10023,Entire home/apt,2,220
New York,Manhattan,10025,Entire home/apt,2,300
New York,Manhattan,10025,Entire home/apt,2,75
New York,Manhattan,10025,Entire home/apt,2,250
New York,Manhattan,10023,Entire home/apt,2,300
New York,Manhattan,10025,Entire home/apt,2,239
New York,Manhattan,10025,Entire home/apt,2,250
New York,Manhattan,10023,Entire home/apt,2,600
New York,Manhattan,10025,Entire home/apt,2,249
New York,Manhattan,10023,Entire home/apt,2,355
New York,Manhattan,10025,Entire home/apt,2,450
New York,Manhattan,10025,Entire home/apt,2,295
New York,Manhattan,10023,Entire home/apt,2,400
New York,Manhattan,10023,Entire home/apt,2,350
New York,Manhattan,10025,Entire home/apt,2,345
New York,Manhattan,10025,Entire home/apt,2,195
New York,Manhattan,10025,Entire home/apt,2,350
New York,Manhattan,10023,Entire home/apt,2,269
New York,Manhattan,10025,Entire home/apt,2,279
New York,Manhattan,10023,Entire home/apt,2,175
New York,Manhattan,10023,Entire home/apt,2,265
New York,Manhattan,10025,Entire home/apt,2,90
New York,Manhattan,10025,Private room,2,107
New York,Manhattan,10025,Entire home/apt,2,100
New York,Manhattan,10025,Entire home/apt,2,299
New York,Manhattan,10025,Entire home/apt,2,350
New York,Manhattan,10023,Entire home/apt,2,220
New York,Manhattan,10023,Entire home/apt,2,200
New York,Manhattan,10025,Entire home/apt,2,250
New York,Manhattan,10025,Entire home/apt,2,299
New York,Manhattan,10025,Entire home/apt,2,425
New York,Manhattan,10025,Entire home/apt,2,160
New York,Manhattan,10023,Private room,2,300
New York,Manhattan,10025,Entire home/apt,2,300
New York,Manhattan,10025,Entire home/apt,2,300
New York,Manhattan,10025,Entire home/apt,2,150
New York,Manhattan,10025,Entire home/apt,2,225
New York,Manhattan,10023,Entire home/apt,2,400
New York,Manhattan,10025,Entire home/apt,2,200
New York,Manhattan,10025,Entire home/apt,2,148
New York,Manhattan,10023,Entire home/apt,2,220
New York,Manhattan,10023,Entire home/apt,2,129
New York,Manhattan,10025,Private room,2,70
New York,Manhattan,10023,Entire home/apt,2,350
New York,Manhattan,10025,Entire home/apt,2,250
New York,Manhattan,10023,Entire home/apt,2,500
New York,Manhattan,10025,Entire home/apt,2,300
New York,Manhattan,10025,Entire home/apt,2,290
New York,Manhattan,10025,Entire home/apt,2,190
New York,Brooklyn,11215,Entire home/apt,2,200
New York,Brooklyn,11215,Entire home/apt,2,162
New York,Brooklyn,11215,Entire home/apt,2,150
New York,Brooklyn,11215,Entire home/apt,2,350
New York,Brooklyn,11215,Entire home/apt,2,98
New York,Brooklyn,11215,Private room,2,110
New York,Brooklyn,11215,Entire home/apt,2,150
New York,Brooklyn,11215,Entire home/apt,2,140
New York,Brooklyn,11215,Entire home/apt,2,120
New York,Manhattan,10014,Entire home/apt,2,295
New York,Manhattan,10011,Entire home/apt,2,200
New York,Manhattan,10014,Entire home/apt,2,175
New York,Manhattan,10014,Entire home/apt,2,350
New York,Manhattan,10014,Entire home/apt,2,200
New York,Manhattan,10014,Entire home/apt,2,200
New York,Manhattan,10014,Entire home/apt,2,400
New York,Manhattan,10014,Entire home/apt,2,250
New York,Manhattan,10014,Private room,2,89
New York,Manhattan,10014,Entire home/apt,2,300
New York,Manhattan,10014,Entire home/apt,2,315
New York,Manhattan,10014,Entire home/apt,2,180
New York,Manhattan,10014,Entire home/apt,2,250
New York,Manhattan,10014,Entire home/apt,2,300
New York,Manhattan,10014,Entire home/apt,2,250
New York,Manhattan,10014,Entire home/apt,2,450
New York,Manhattan,10014,Entire home/apt,2,245
New York,Manhattan,10014,Entire home/apt,2,168
New York,Manhattan,10014,Entire home/apt,2,1e3
New York,Manhattan,10014,Entire home/apt,2,1500
New York,Manhattan,10014,Entire home/apt,2,450
New York,Manhattan,10014,Entire home/apt,2,530
New York,Manhattan,10014,Entire home/apt,2,200
New York,Manhattan,10014,Entire home/apt,2,271
New York,Manhattan,10014,Private room,2,400
New York,Manhattan,10014,Entire home/apt,2,449
New York,Manhattan,10014,Entire home/apt,2,300
New York,Manhattan,10014,Entire home/apt,2,265
New York,Manhattan,10014,Entire home/apt,2,190
New York,Manhattan,10014,Entire home/apt,2,235
New York,Manhattan,10014,Entire home/apt,2,250
New York,Manhattan,10014,Entire home/apt,2,325
New York,Manhattan,10011,Entire home/apt,2,600
New York,Manhattan,10014,Entire home/apt,2,300
New York,Manhattan,10014,Entire home/apt,2,275
New York,Manhattan,10011,Entire home/apt,2,425
New York,Manhattan,10014,Entire home/apt,2,425
New York,Manhattan,10014,Private room,2,200
New York,Manhattan,10014,Entire home/apt,2,225
New York,Manhattan,10014,Entire home/apt,2,410
New York,Manhattan,10011,Entire home/apt,2,299
New York,Manhattan,10014,Entire home/apt,2,500
New York,Manhattan,10014,Entire home/apt,2,450
New York,Manhattan,10014,Entire home/apt,2,299
New York,Manhattan,10014,Entire home/apt,2,245
New York,Manhattan,10014,Entire home/apt,2,350
New York,Manhattan,10014,Entire home/apt,2,350
New York,Manhattan,10014,Entire home/apt,2,225
New York,Manhattan,10014,Entire home/apt,2,279
New York,Manhattan,10014,Entire home/apt,2,300
New York,Manhattan,10014,Entire home/apt,2,345
New York,Manhattan,10014,Entire home/apt,2,158
New York,Manhattan,10014,Entire home/apt,2,300
New York,Manhattan,10014,Entire home/apt,2,125
New York,Manhattan,10014,Entire home/apt,2,150
New York,Manhattan,10014,Private room,2,150
New York,Manhattan,10014,Entire home/apt,2,650
New York,Manhattan,10014,Entire home/apt,2,305
New York,Manhattan,10014,Entire home/apt,2,400
New York,Manhattan,10014,Entire home/apt,2,550
New York,Manhattan,10014,Entire home/apt,2,555
New York,Manhattan,10014,Entire home/apt,2,195
New York,Manhattan,10014,Entire home/apt,2,350
New York,Manhattan,10014,Entire home/apt,2,245
New York,Manhattan,10014,Entire home/apt,2,325
New York,Manhattan,10014,Entire home/apt,2,250
New York,Manhattan,10014,Entire home/apt,2,185
New York,Manhattan,10014,Entire home/apt,2,350
New York,Manhattan,10014,Entire home/apt,2,250
New York,Manhattan,10014,Entire home/apt,2,250
New York,Manhattan,10014,Entire home/apt,2,350
New York,Manhattan,10014,Entire home/apt,2,595
New York,Manhattan,10014,Entire home/apt,2,300
New York,Manhattan,10011,Entire home/apt,2,700
New York,Manhattan,10014,Entire home/apt,2,250
New York,Manhattan,10014,Entire home/apt,2,250
New York,Manhattan,10014,Entire home/apt,2,300
New York,Manhattan,10014,Entire home/apt,2,258
New York,Manhattan,10014,Entire home/apt,2,500
New York,Manhattan,10014,Entire home/apt,2,515
New York,Manhattan,10014,Entire home/apt,2,239
New York,Manhattan,10014,Entire home/apt,2,205
New York,Manhattan,10014,Entire home/apt,2,230
New York,Manhattan,10014,Entire home/apt,2,249
New York,Manhattan,10014,Entire home/apt,2,230
New York,Manhattan,10014,Entire home/apt,2,395
New York,Manhattan,10014,Private room,2,100
New York,Manhattan,10014,Entire home/apt,2,355
New York,Manhattan,10014,Entire home/apt,2,250
New York,Manhattan,10014,Entire home/apt,2,299
New York,Manhattan,10014,Entire home/apt,2,250
New York,Manhattan,10014,Entire home/apt,2,350
New York,Manhattan,10014,Entire home/apt,2,299
New York,Manhattan,10014,Private room,2,385
California,Los Angeles,90001,Entire home/apt,2,392
California,Los Angeles,90001,Entire home/apt,3,631
California,Los Angeles,90001,Entire home/apt,2,1456
California,Los Angeles,90001,Entire home/apt,3,1904
California,Los Angeles,90001,Entire home/apt,2,367
California,Los Angeles,90001,Entire home/apt,3,766
California,Los Angeles,90001,Entire home/apt,2,1301
California,Los Angeles,90001,Entire home/apt,2,1662
California,Los Angeles,90001,Entire home/apt,3,563
California,Los Angeles,90001,Entire home/apt,3,644
