"0","# State is available as abbreviations"
"0","# Changing all state abbreviations to upper case"
"0","data_bnb$state <- toupper(data_bnb$state)"
"0","# Manually changing ""New York"" to abbreviation"
"0","data_bnb$state[data_bnb$state == ""NEW YORK""] <- ""NY"""
"0","# Filtering state from region file"
"0","data_bnb <- data_bnb %>% filter(state %in% data_state$state)"
"0","# Changing abbreviations to full state name"
"0","data_bnb <- data_bnb %>% inner_join(data_state_abbrv, by = ""state"") %>%"
"0","  select(-""state"") %>% rename(state = full) %>%"
"0","  # Setting it as a factor"
"0","  mutate(state = as.factor(state)) %>%"
"0","  select(state, city, zipcode, room_type, bedrooms, beds, price)"
"0","data_bnb %>% distinct(state) %>% datatable(caption = ""States in analysis"")"
