"0","# Renaming zipcode"
"0","data_zil <- data_zil %>% rename(zipcode = RegionName)"
"0","data_zil$zipcode <- as.character(data_zil$zipcode)"
"0","# Filtering state from the region file"
"0","data_zil <- data_zil %>% filter(State %in% data_state$state)"
"0","# Last 10 years, from system year"
"0","last_10_years <- seq(as.numeric(format(Sys.Date(), ""%Y"")) - 9,"
"0","                    format(Sys.Date(), ""%Y""))"
"0","# Matching to SELECT format"
"0","years_to_pick <- paste0(last_10_years, collapse = ""|"")"
"0","# Replacing state abbreviations, dropping time-series columns"
"0","data_zil <- data_zil %>% inner_join(data_state_abbrv, by = c(""State"" = ""state"")) %>%"
"0","  select(-""State"") %>% rename(state = full) %>%"
"0","  mutate(state = as.factor(state)) %>%"
"0","  select(state, zipcode, bedrooms, matches(years_to_pick))"
