"0","library(knitr)"
"0","library(tidyverse)"
"0","library(DT)"
"0","# Controlling code blocks"
"0","opts_chunk$set(message = FALSE, # prevent messages "
"0","               warning = FALSE)"
"0","# Setting DT::datatable parameters"
"0","options(DT.options = list(paging = FALSE, # disable pagination"
"0","                          scrollY = ""200px"", # enable vertical scrolling"
"0","                          scrollX = TRUE, # enable horizontal scrolling"
"0","                          scrollCollapse = TRUE,"
"0","                          autoWidth = TRUE, # centering the table output"
"0","                          ordering = FALSE, # disable sorting data"
"0","                          dom = ""t""  # display just the table"
"0","                          ))"
